               epoch,      train/box_loss,      train/obj_loss,      train/cls_loss,   metrics/precision,      metrics/recall,     metrics/mAP_0.5,metrics/mAP_0.5:0.95,        val/box_loss,        val/obj_loss,        val/cls_loss,               x/lr0,               x/lr1,               x/lr2
                   0,            0.077459,             0.02318,              0.0576,             0.35366,             0.24301,             0.19963,            0.074424,            0.060775,           0.0090088,            0.044732,             0.07019,           0.0033122,           0.0033122
                   1,            0.055127,            0.018053,            0.041872,             0.41974,             0.36369,             0.33626,             0.11407,            0.054878,           0.0077324,             0.03338,            0.040168,           0.0066236,           0.0066236
                   2,            0.052924,            0.016515,            0.032187,             0.31542,             0.23145,             0.13406,            0.046333,            0.063076,           0.0098906,            0.050876,            0.010124,            0.009913,            0.009913
                   3,            0.052005,            0.016567,            0.030786,             0.28798,             0.22433,             0.14198,            0.045368,            0.062476,            0.011055,             0.04267,            0.009901,            0.009901,            0.009901
                   4,            0.053089,            0.017564,            0.034084,             0.33828,             0.26626,             0.22926,            0.079267,            0.058348,           0.0091738,            0.036089,            0.009901,            0.009901,            0.009901
                   5,            0.052738,            0.017926,            0.032733,             0.53354,             0.41883,             0.41988,             0.15832,            0.056746,           0.0092426,            0.030589,            0.009868,            0.009868,            0.009868
                   6,            0.052615,            0.018034,            0.029955,             0.46783,             0.34017,             0.34721,             0.12514,            0.057248,             0.00876,            0.028252,            0.009835,            0.009835,            0.009835
                   7,            0.049702,            0.017299,            0.031837,             0.46515,             0.33717,             0.37135,             0.15202,            0.055485,           0.0094156,            0.032561,            0.009802,            0.009802,            0.009802
                   8,            0.049245,            0.017377,            0.026918,              0.3495,             0.25402,              0.2392,            0.083329,            0.061236,           0.0093069,            0.034136,            0.009769,            0.009769,            0.009769
                   9,            0.049512,            0.017209,            0.027513,             0.60082,              0.3738,             0.43611,             0.16074,            0.053213,           0.0087876,            0.025334,            0.009736,            0.009736,            0.009736
                  10,            0.049551,            0.016969,            0.025285,             0.47822,             0.38804,             0.40539,              0.1474,            0.052876,           0.0086874,            0.025632,            0.009703,            0.009703,            0.009703
                  11,            0.048582,            0.016797,            0.025133,              0.5905,              0.4835,             0.53484,             0.22162,            0.048269,           0.0085824,            0.022734,             0.00967,             0.00967,             0.00967
                  12,            0.047359,            0.017203,            0.025727,             0.52102,             0.42733,             0.44027,             0.18532,            0.050686,            0.008808,            0.026316,            0.009637,            0.009637,            0.009637
                  13,            0.046139,            0.016741,            0.026046,             0.59505,             0.48431,             0.54177,              0.2279,            0.049877,           0.0088866,            0.020232,            0.009604,            0.009604,            0.009604
                  14,            0.044139,            0.016762,            0.023213,             0.58638,             0.48236,             0.52412,              0.2111,            0.047496,           0.0085676,            0.021614,            0.009571,            0.009571,            0.009571
                  15,            0.044338,            0.016788,            0.023665,             0.64004,             0.56019,             0.60306,             0.28638,            0.046086,           0.0085107,            0.019734,            0.009538,            0.009538,            0.009538
                  16,            0.045045,            0.016551,            0.021594,             0.67029,             0.56137,             0.61778,             0.27513,            0.046491,           0.0083577,            0.019099,            0.009505,            0.009505,            0.009505
                  17,            0.046793,             0.01659,            0.021814,             0.61562,             0.59346,              0.6199,             0.26504,            0.046524,            0.008004,            0.016956,            0.009472,            0.009472,            0.009472
                  18,            0.042517,            0.015911,            0.022034,             0.65073,             0.55645,             0.59431,             0.26856,            0.045781,           0.0082718,            0.022031,            0.009439,            0.009439,            0.009439
                  19,            0.042033,            0.016291,            0.020797,             0.72203,             0.62111,             0.68266,             0.32945,            0.043808,           0.0080868,            0.015867,            0.009406,            0.009406,            0.009406
                  20,            0.042568,            0.015845,            0.020759,             0.70277,             0.62873,             0.66933,             0.30777,            0.045493,           0.0077921,            0.016421,            0.009373,            0.009373,            0.009373
                  21,            0.042282,            0.015969,            0.020487,             0.61096,             0.55009,             0.57375,             0.22722,            0.048072,            0.008368,            0.021003,             0.00934,             0.00934,             0.00934
                  22,            0.041811,            0.016587,            0.020384,              0.6888,             0.63381,             0.68034,             0.32288,            0.044368,           0.0078891,            0.015422,            0.009307,            0.009307,            0.009307
                  23,            0.041584,            0.015979,            0.020501,             0.70728,             0.63737,             0.66581,             0.29762,            0.042376,           0.0081076,             0.01421,            0.009274,            0.009274,            0.009274
                  24,            0.042067,            0.015612,            0.018808,             0.66892,             0.58125,             0.62418,             0.26193,            0.045912,           0.0083417,             0.01686,            0.009241,            0.009241,            0.009241
                  25,            0.042492,            0.015822,            0.020476,             0.62496,             0.52599,             0.56514,             0.26052,            0.049412,           0.0083837,            0.017868,            0.009208,            0.009208,            0.009208
                  26,            0.043108,            0.016361,             0.02037,              0.6991,             0.63814,             0.67926,             0.28926,            0.044906,           0.0080622,            0.013408,            0.009175,            0.009175,            0.009175
                  27,            0.042244,            0.016001,            0.020475,             0.66239,             0.52778,             0.60221,             0.27522,            0.046346,           0.0086676,            0.018118,            0.009142,            0.009142,            0.009142
                  28,            0.041764,            0.016311,            0.019217,             0.67776,             0.64635,             0.67264,             0.29242,            0.044855,           0.0078822,            0.012972,            0.009109,            0.009109,            0.009109
                  29,            0.041431,             0.01531,            0.017039,             0.70554,             0.65893,             0.70062,             0.31973,            0.044876,             0.00767,            0.015178,            0.009076,            0.009076,            0.009076
                  30,            0.041907,            0.016073,            0.019894,             0.69832,             0.66344,             0.69086,             0.32739,            0.042442,            0.007816,            0.012547,            0.009043,            0.009043,            0.009043
                  31,            0.041555,            0.015344,            0.018189,             0.70285,             0.62995,              0.6838,             0.30695,            0.045817,           0.0076721,            0.014565,             0.00901,             0.00901,             0.00901
                  32,            0.039827,            0.015439,            0.016402,             0.66862,             0.60847,             0.65506,             0.30941,            0.044335,           0.0080012,            0.015111,            0.008977,            0.008977,            0.008977
                  33,            0.043058,            0.015692,            0.016135,             0.66094,              0.5874,             0.61917,             0.25478,            0.046911,           0.0079869,            0.016881,            0.008944,            0.008944,            0.008944
                  34,            0.039965,            0.015133,            0.017946,             0.74331,             0.66655,             0.71488,             0.36423,             0.04065,           0.0076843,            0.012678,            0.008911,            0.008911,            0.008911
                  35,            0.039332,            0.015541,            0.017695,             0.72641,             0.67937,             0.71679,             0.36003,            0.041161,           0.0074095,            0.013845,            0.008878,            0.008878,            0.008878
                  36,            0.038901,            0.015261,            0.015545,             0.74369,             0.70088,             0.73831,             0.36254,            0.047708,           0.0073212,            0.014555,            0.008845,            0.008845,            0.008845
                  37,            0.039643,            0.015485,            0.018292,             0.71893,             0.64444,             0.70184,              0.3477,            0.043419,           0.0077779,            0.014808,            0.008812,            0.008812,            0.008812
                  38,            0.037363,            0.015046,            0.014672,             0.71529,             0.70998,             0.72186,             0.33855,            0.044372,           0.0078274,             0.01414,            0.008779,            0.008779,            0.008779
                  39,            0.040997,            0.015463,            0.015995,             0.73877,             0.68282,             0.72983,             0.35179,            0.042461,           0.0076693,            0.011754,            0.008746,            0.008746,            0.008746
                  40,            0.038561,            0.015407,             0.01514,             0.69004,             0.67359,              0.7103,              0.3176,            0.041853,           0.0077273,            0.011221,            0.008713,            0.008713,            0.008713
                  41,            0.038387,            0.015397,            0.016367,             0.74602,             0.72291,             0.76624,             0.37657,            0.041901,           0.0072263,            0.010454,             0.00868,             0.00868,             0.00868
                  42,              0.0381,            0.014984,            0.015873,             0.74195,             0.70648,             0.74842,             0.35878,            0.042598,           0.0076825,            0.012412,            0.008647,            0.008647,            0.008647
                  43,            0.037786,            0.014695,            0.013895,             0.75191,             0.73011,              0.7549,             0.37433,            0.042146,           0.0071022,            0.011013,            0.008614,            0.008614,            0.008614
                  44,            0.038164,            0.015044,            0.012936,             0.75583,             0.70076,             0.75976,             0.36336,            0.041128,           0.0071923,            0.012598,            0.008581,            0.008581,            0.008581
                  45,            0.037727,            0.015199,            0.014258,             0.70612,             0.69137,             0.70053,             0.33838,            0.041108,            0.007572,            0.011573,            0.008548,            0.008548,            0.008548
                  46,            0.035883,            0.014613,            0.015887,              0.7965,             0.71563,             0.77398,              0.4028,            0.039504,           0.0072638,            0.011139,            0.008515,            0.008515,            0.008515
                  47,            0.036975,            0.014665,            0.014689,              0.7836,             0.69415,             0.76153,             0.38465,            0.040831,            0.007297,            0.013434,            0.008482,            0.008482,            0.008482
                  48,            0.037934,            0.014942,            0.014884,              0.8036,             0.73181,             0.77863,             0.39817,            0.041252,           0.0070601,            0.012151,            0.008449,            0.008449,            0.008449
                  49,            0.036612,            0.014828,            0.014414,              0.7114,             0.69319,             0.73307,             0.37521,            0.041115,           0.0078472,            0.011247,            0.008416,            0.008416,            0.008416
                  50,            0.037108,            0.014809,            0.015233,             0.78459,             0.72233,             0.77047,             0.38823,            0.043583,            0.007411,            0.010245,            0.008383,            0.008383,            0.008383
                  51,            0.038473,            0.015193,            0.014699,             0.75955,             0.71759,             0.76435,             0.39062,            0.040235,           0.0072287,            0.012668,             0.00835,             0.00835,             0.00835
                  52,            0.037649,            0.014935,            0.013412,             0.74907,              0.7166,             0.75151,             0.37744,            0.040127,            0.007566,            0.012359,            0.008317,            0.008317,            0.008317
                  53,            0.036904,            0.014175,            0.013154,             0.76689,             0.73543,             0.76493,             0.36943,             0.04037,           0.0073199,            0.012218,            0.008284,            0.008284,            0.008284
                  54,            0.036689,            0.014447,             0.01338,             0.75956,             0.71973,             0.76034,             0.39239,             0.04111,           0.0073639,            0.011924,            0.008251,            0.008251,            0.008251
                  55,            0.036658,            0.014301,            0.014528,             0.76793,             0.71947,             0.76678,             0.37157,            0.040388,           0.0073452,            0.012298,            0.008218,            0.008218,            0.008218
                  56,            0.035495,            0.014735,            0.013539,             0.75078,             0.70316,             0.73784,             0.37405,            0.040373,            0.007415,            0.014117,            0.008185,            0.008185,            0.008185
                  57,             0.03699,            0.014308,            0.014824,             0.79226,              0.7098,             0.75451,             0.39191,            0.039292,           0.0073912,            0.011247,            0.008152,            0.008152,            0.008152
                  58,            0.037082,            0.014726,            0.013976,             0.74666,             0.72041,             0.75462,             0.38104,            0.039792,           0.0072781,           0.0091937,            0.008119,            0.008119,            0.008119
                  59,            0.036942,            0.014576,            0.014029,             0.77186,             0.71994,             0.75819,             0.39345,            0.040849,           0.0073086,            0.011346,            0.008086,            0.008086,            0.008086
                  60,            0.035375,            0.013943,            0.012781,             0.74257,             0.68431,             0.74634,             0.37579,            0.041196,           0.0077341,            0.011437,            0.008053,            0.008053,            0.008053
                  61,            0.036123,            0.014428,             0.01427,             0.75302,             0.71711,             0.76045,             0.40548,            0.036747,           0.0074882,           0.0084265,             0.00802,             0.00802,             0.00802
                  62,            0.035697,            0.014636,            0.012551,             0.77179,             0.69757,             0.75628,             0.36125,            0.039598,           0.0072121,            0.010483,            0.007987,            0.007987,            0.007987
                  63,            0.035601,            0.014313,            0.013052,             0.74905,              0.6902,             0.73732,             0.37924,            0.041276,           0.0075251,            0.012277,            0.007954,            0.007954,            0.007954
                  64,            0.036342,            0.014029,            0.013498,             0.80726,             0.75952,             0.80359,             0.43258,            0.041772,           0.0070767,            0.009922,            0.007921,            0.007921,            0.007921
                  65,            0.036157,             0.01504,            0.014084,             0.79058,             0.72267,             0.77538,             0.38955,            0.040282,           0.0072034,            0.010047,            0.007888,            0.007888,            0.007888
                  66,            0.035628,            0.014442,            0.013384,             0.76156,              0.7506,             0.77783,             0.41708,            0.039682,           0.0070628,           0.0097084,            0.007855,            0.007855,            0.007855
                  67,            0.035256,            0.013968,             0.01233,             0.77484,              0.7008,             0.76175,             0.40436,            0.040787,           0.0070032,            0.012521,            0.007822,            0.007822,            0.007822
                  68,            0.035898,            0.014275,            0.013798,             0.79823,             0.73583,             0.76632,              0.3558,            0.041831,           0.0071381,            0.010449,            0.007789,            0.007789,            0.007789
                  69,            0.036061,            0.014372,            0.012357,             0.79623,             0.76133,             0.80145,             0.41242,            0.038596,           0.0070916,            0.007581,            0.007756,            0.007756,            0.007756
                  70,            0.035267,            0.013842,            0.012527,             0.80707,             0.75346,             0.79202,             0.42633,            0.038161,           0.0070373,           0.0082173,            0.007723,            0.007723,            0.007723
                  71,            0.035743,            0.013918,            0.013728,             0.80711,             0.74761,             0.79585,             0.39806,            0.038708,           0.0070284,            0.010502,             0.00769,             0.00769,             0.00769
                  72,            0.034658,            0.014349,            0.012435,             0.79648,             0.72836,             0.78643,             0.40429,            0.040538,           0.0071432,            0.011026,            0.007657,            0.007657,            0.007657
                  73,            0.037179,            0.014289,            0.013866,             0.77294,             0.74912,             0.78439,             0.40621,            0.039362,           0.0070595,           0.0091627,            0.007624,            0.007624,            0.007624
                  74,            0.034467,            0.014251,            0.013105,             0.75883,             0.74139,             0.77503,             0.41498,            0.039271,           0.0071496,            0.010906,            0.007591,            0.007591,            0.007591
                  75,            0.034712,            0.014161,            0.011885,             0.78546,               0.745,             0.78565,              0.4252,            0.039041,           0.0070713,           0.0088927,            0.007558,            0.007558,            0.007558
                  76,            0.033812,            0.013991,            0.012684,             0.79549,             0.77232,             0.79598,              0.4225,              0.0372,           0.0067917,           0.0091472,            0.007525,            0.007525,            0.007525
                  77,             0.03408,            0.014252,            0.010901,              0.8111,             0.78461,             0.80536,             0.43067,            0.037082,           0.0069964,           0.0076002,            0.007492,            0.007492,            0.007492
                  78,            0.035408,             0.01409,            0.012144,             0.83767,             0.76913,             0.81846,             0.44744,            0.037319,           0.0070825,           0.0073893,            0.007459,            0.007459,            0.007459
                  79,            0.033984,            0.013758,             0.01205,              0.7627,             0.76216,             0.77955,             0.40304,            0.038162,           0.0070702,           0.0089419,            0.007426,            0.007426,            0.007426
                  80,            0.034512,            0.014467,            0.012104,             0.80924,             0.75704,             0.80659,             0.44485,            0.037417,           0.0069844,           0.0073508,            0.007393,            0.007393,            0.007393
                  81,            0.034555,             0.01422,            0.011814,             0.84618,             0.75373,             0.81795,             0.45085,            0.036877,            0.006846,           0.0087715,             0.00736,             0.00736,             0.00736
                  82,            0.035494,             0.01413,            0.011309,              0.8227,             0.75456,             0.79694,             0.45318,            0.036713,           0.0070269,           0.0096616,            0.007327,            0.007327,            0.007327
                  83,            0.033316,            0.014005,            0.010515,             0.83817,             0.76832,             0.81599,             0.45467,            0.035919,           0.0069037,            0.011145,            0.007294,            0.007294,            0.007294
                  84,            0.033023,            0.014126,            0.011739,             0.81721,             0.74847,             0.80414,             0.40672,            0.037966,           0.0070769,           0.0081387,            0.007261,            0.007261,            0.007261
                  85,            0.033936,             0.01386,            0.011298,             0.83497,              0.7684,             0.81809,              0.4509,            0.036348,           0.0069153,            0.009256,            0.007228,            0.007228,            0.007228
                  86,            0.033899,            0.013521,            0.012236,             0.78851,             0.76269,             0.81321,             0.44375,            0.038876,           0.0070381,           0.0082886,            0.007195,            0.007195,            0.007195
                  87,            0.033062,            0.014211,            0.012418,             0.79442,             0.75322,             0.79835,             0.41051,            0.037473,           0.0069865,            0.012825,            0.007162,            0.007162,            0.007162
                  88,            0.033011,            0.014107,           0.0097234,               0.821,             0.77967,             0.81104,             0.46292,            0.037259,           0.0069893,           0.0088208,            0.007129,            0.007129,            0.007129
                  89,            0.034946,            0.013491,            0.010839,             0.82859,              0.7869,             0.81915,             0.43993,            0.035863,           0.0067521,           0.0096982,            0.007096,            0.007096,            0.007096
                  90,             0.03294,            0.014067,             0.01103,             0.81029,             0.78639,              0.8172,             0.43029,            0.036206,           0.0069114,            0.010665,            0.007063,            0.007063,            0.007063
                  91,            0.034008,            0.013573,            0.010526,             0.80756,             0.79443,             0.81432,             0.44912,            0.034908,           0.0069495,           0.0092933,             0.00703,             0.00703,             0.00703
                  92,            0.034609,            0.013844,            0.012801,             0.81111,             0.77617,             0.80663,             0.45679,            0.036345,           0.0069122,           0.0079042,            0.006997,            0.006997,            0.006997
                  93,            0.032773,            0.013159,            0.010267,             0.82898,             0.77807,             0.82303,             0.44473,            0.037437,           0.0067951,           0.0079799,            0.006964,            0.006964,            0.006964
                  94,            0.033348,            0.013716,             0.01145,             0.78389,             0.74296,             0.77516,             0.37553,            0.039569,           0.0073209,           0.0099147,            0.006931,            0.006931,            0.006931
                  95,            0.032041,            0.013664,            0.011676,             0.82161,              0.7682,             0.81392,             0.45802,            0.035963,           0.0069078,           0.0086954,            0.006898,            0.006898,            0.006898
                  96,            0.033036,            0.013947,            0.011718,             0.80814,             0.76401,             0.81293,              0.4518,            0.036902,           0.0068821,            0.012175,            0.006865,            0.006865,            0.006865
                  97,            0.032796,            0.013858,            0.011372,             0.84439,             0.77577,             0.82081,               0.451,            0.035242,           0.0070493,           0.0083953,            0.006832,            0.006832,            0.006832
                  98,            0.034602,            0.013723,            0.011066,             0.84614,             0.76662,             0.82193,             0.46292,            0.034981,           0.0068945,           0.0076167,            0.006799,            0.006799,            0.006799
                  99,            0.032912,            0.013458,            0.011045,             0.82703,              0.7935,             0.82416,             0.45055,            0.035449,           0.0067362,            0.007682,            0.006766,            0.006766,            0.006766
                 100,            0.034106,            0.013603,            0.010573,             0.84113,             0.76466,             0.82094,             0.47196,            0.034158,           0.0068357,           0.0057942,            0.006733,            0.006733,            0.006733
                 101,            0.033346,            0.013393,            0.010522,             0.81556,             0.77297,             0.80696,             0.44255,            0.036402,            0.006898,           0.0065746,              0.0067,              0.0067,              0.0067
                 102,             0.03318,            0.013686,            0.010855,             0.82383,             0.78842,             0.82274,             0.45128,            0.037035,            0.006817,           0.0070077,            0.006667,            0.006667,            0.006667
                 103,            0.032513,            0.013225,            0.010696,             0.83398,              0.7786,              0.8261,             0.45715,            0.035575,           0.0069198,           0.0075047,            0.006634,            0.006634,            0.006634
                 104,            0.032628,            0.013525,            0.010343,             0.81662,             0.78978,             0.83317,             0.45733,            0.035966,           0.0068422,           0.0089057,            0.006601,            0.006601,            0.006601
                 105,            0.033927,            0.013704,            0.010807,             0.81427,             0.77426,             0.80298,              0.4305,             0.03795,           0.0067452,           0.0080882,            0.006568,            0.006568,            0.006568
                 106,            0.033296,            0.013149,            0.011271,             0.83464,             0.77772,              0.8226,             0.46305,            0.036221,           0.0068178,           0.0082974,            0.006535,            0.006535,            0.006535
                 107,            0.032739,            0.014041,            0.011253,             0.85331,             0.79294,             0.83493,             0.47397,            0.034451,           0.0065233,           0.0066456,            0.006502,            0.006502,            0.006502
                 108,            0.032622,            0.013379,            0.010089,             0.81188,             0.78599,             0.82377,             0.45531,             0.03655,           0.0067135,           0.0074802,            0.006469,            0.006469,            0.006469
                 109,            0.032697,            0.013479,            0.011341,              0.8257,             0.78785,             0.81813,              0.4561,            0.036747,           0.0066585,           0.0078862,            0.006436,            0.006436,            0.006436
                 110,            0.032382,            0.013241,            0.010761,             0.81964,             0.78667,              0.8248,             0.44923,            0.036298,           0.0067716,           0.0091465,            0.006403,            0.006403,            0.006403
                 111,            0.031454,            0.012902,             0.01019,             0.81165,             0.77838,             0.81701,             0.44497,            0.035146,           0.0067662,           0.0090042,             0.00637,             0.00637,             0.00637
                 112,            0.033116,            0.013055,            0.010619,             0.80565,             0.77317,             0.81242,             0.46091,            0.034699,           0.0068748,            0.010774,            0.006337,            0.006337,            0.006337
                 113,            0.032021,            0.013724,           0.0097035,             0.84028,             0.78558,             0.82568,             0.47543,            0.034723,           0.0067306,           0.0084679,            0.006304,            0.006304,            0.006304
                 114,            0.031109,            0.012972,           0.0090958,             0.84178,             0.79407,             0.83658,             0.47338,            0.034922,           0.0066745,           0.0077841,            0.006271,            0.006271,            0.006271
                 115,            0.032301,            0.012871,           0.0092142,             0.84913,             0.79367,             0.84125,             0.47201,            0.034517,           0.0066508,           0.0081986,            0.006238,            0.006238,            0.006238
                 116,            0.031004,            0.013048,           0.0086171,             0.85522,             0.79528,             0.83732,             0.47798,            0.034517,           0.0065976,           0.0081745,            0.006205,            0.006205,            0.006205
                 117,            0.031909,            0.013554,           0.0096026,             0.79987,             0.76842,             0.81717,             0.46551,            0.036681,           0.0070772,            0.011255,            0.006172,            0.006172,            0.006172
                 118,            0.032782,            0.013169,           0.0098212,             0.82675,             0.80932,              0.8346,             0.48896,            0.036127,           0.0068235,              0.0106,            0.006139,            0.006139,            0.006139
                 119,            0.032469,            0.012794,            0.010064,             0.86214,             0.77103,             0.82416,              0.4664,            0.037009,           0.0067745,            0.010271,            0.006106,            0.006106,            0.006106
                 120,              0.0314,            0.012629,           0.0098546,             0.84243,             0.79072,             0.83111,             0.47852,            0.036574,           0.0066745,           0.0095474,            0.006073,            0.006073,            0.006073
                 121,            0.031498,            0.013641,           0.0095962,             0.83774,              0.7936,             0.83946,             0.47385,            0.035455,           0.0067636,            0.010121,             0.00604,             0.00604,             0.00604
                 122,            0.032649,            0.013294,            0.010524,              0.7965,             0.80916,             0.82205,             0.47515,            0.032714,           0.0067996,           0.0084742,            0.006007,            0.006007,            0.006007
                 123,            0.031642,            0.013813,            0.011283,             0.84955,             0.78733,             0.82678,             0.46137,            0.035105,           0.0066228,           0.0090929,            0.005974,            0.005974,            0.005974
                 124,            0.032236,            0.013549,            0.010776,             0.82953,             0.79719,             0.83221,              0.4627,            0.035195,           0.0067228,           0.0098644,            0.005941,            0.005941,            0.005941
                 125,            0.030658,            0.013141,           0.0091578,             0.84081,             0.79917,             0.83461,             0.47573,             0.03465,           0.0066904,            0.010366,            0.005908,            0.005908,            0.005908
                 126,            0.031445,             0.01293,           0.0098797,             0.84833,              0.7969,              0.8356,             0.47968,            0.034029,           0.0065757,           0.0090205,            0.005875,            0.005875,            0.005875
                 127,            0.030974,            0.013036,           0.0094734,             0.85438,             0.78831,             0.83406,             0.47585,            0.033408,           0.0065717,           0.0087558,            0.005842,            0.005842,            0.005842
                 128,            0.031616,            0.012972,           0.0094929,             0.84579,             0.80907,             0.83142,             0.49685,             0.03267,           0.0066605,           0.0096616,            0.005809,            0.005809,            0.005809
                 129,            0.031631,            0.013417,           0.0088048,             0.83309,             0.80324,             0.83395,             0.47523,            0.033722,           0.0066302,            0.008138,            0.005776,            0.005776,            0.005776
                 130,            0.030397,             0.01281,           0.0089772,             0.86645,             0.80096,             0.84144,             0.49373,             0.03271,           0.0066644,           0.0092988,            0.005743,            0.005743,            0.005743
                 131,            0.030916,            0.013125,           0.0085695,             0.84141,              0.7904,             0.84087,             0.48809,             0.03261,           0.0067245,           0.0088459,             0.00571,             0.00571,             0.00571
                 132,             0.03144,             0.01223,           0.0094226,             0.84163,             0.80806,             0.83783,              0.4749,            0.033402,           0.0065945,           0.0071308,            0.005677,            0.005677,            0.005677
                 133,            0.029283,            0.012497,           0.0094847,             0.82657,             0.80244,             0.83658,             0.49013,            0.032081,           0.0064611,           0.0084038,            0.005644,            0.005644,            0.005644
                 134,            0.030316,            0.013148,           0.0085781,             0.82999,             0.80288,             0.83722,              0.4887,            0.033263,            0.006529,           0.0078973,            0.005611,            0.005611,            0.005611
                 135,            0.030886,            0.013117,           0.0085146,             0.84327,             0.80706,              0.8403,              0.4949,            0.032937,           0.0066125,           0.0088899,            0.005578,            0.005578,            0.005578
                 136,            0.029431,            0.012958,           0.0088984,             0.83653,             0.81366,             0.83319,             0.47139,            0.033518,           0.0065885,           0.0097862,            0.005545,            0.005545,            0.005545
                 137,            0.031314,            0.012892,           0.0090726,             0.82439,             0.81645,             0.83647,             0.47826,            0.034017,           0.0065863,           0.0089193,            0.005512,            0.005512,            0.005512
                 138,            0.029582,            0.012801,           0.0087792,             0.82866,             0.79586,             0.83381,             0.48559,            0.033617,           0.0066914,           0.0084898,            0.005479,            0.005479,            0.005479
                 139,            0.029456,            0.013154,           0.0087092,             0.83595,             0.80535,             0.84022,             0.47942,            0.034194,           0.0065195,           0.0082473,            0.005446,            0.005446,            0.005446
                 140,            0.030775,            0.012561,           0.0093436,             0.84793,             0.78713,             0.83082,             0.47171,            0.034959,            0.006557,           0.0097112,            0.005413,            0.005413,            0.005413
                 141,            0.030668,            0.013171,           0.0091822,             0.86848,             0.80116,             0.85016,             0.48145,            0.034539,           0.0065264,           0.0088832,             0.00538,             0.00538,             0.00538
                 142,            0.031407,            0.013028,           0.0090937,             0.84815,             0.82218,             0.84475,              0.4853,            0.033909,           0.0066076,           0.0075807,            0.005347,            0.005347,            0.005347
                 143,            0.029569,            0.012976,           0.0093444,             0.84969,             0.78746,             0.83466,             0.49905,            0.033371,           0.0065833,           0.0072946,            0.005314,            0.005314,            0.005314
                 144,            0.030469,             0.01233,           0.0089478,             0.85197,             0.79589,             0.84126,             0.49384,            0.032333,           0.0065505,           0.0080569,            0.005281,            0.005281,            0.005281
                 145,            0.030248,            0.013046,            0.008539,             0.85673,             0.80449,             0.84879,             0.50083,            0.032409,           0.0065858,            0.007285,            0.005248,            0.005248,            0.005248
                 146,            0.030842,            0.012743,           0.0082042,              0.8466,             0.80346,             0.83568,             0.49308,            0.033207,           0.0067123,           0.0079929,            0.005215,            0.005215,            0.005215
                 147,             0.02914,            0.012378,           0.0087103,             0.84286,             0.80323,             0.83174,             0.49955,            0.032894,           0.0066804,           0.0092572,            0.005182,            0.005182,            0.005182
                 148,            0.029985,            0.012826,           0.0077004,             0.82953,             0.82785,             0.85254,             0.51019,            0.032734,           0.0066212,           0.0079448,            0.005149,            0.005149,            0.005149
                 149,             0.03107,            0.013169,           0.0089228,             0.81272,             0.81144,             0.83599,             0.49487,            0.032806,           0.0066447,           0.0074744,            0.005116,            0.005116,            0.005116
                 150,            0.030259,            0.012915,           0.0085226,             0.83575,             0.81074,              0.8468,             0.49102,            0.033654,           0.0067571,           0.0078748,            0.005083,            0.005083,            0.005083
                 151,            0.029564,            0.012553,           0.0078999,             0.84054,             0.80824,             0.84427,             0.49479,            0.033571,           0.0066537,           0.0077913,             0.00505,             0.00505,             0.00505
                 152,            0.029499,            0.012908,           0.0079435,             0.83734,             0.82752,              0.8472,             0.50036,            0.032835,           0.0065876,           0.0078416,            0.005017,            0.005017,            0.005017
                 153,            0.030151,            0.012598,           0.0082453,             0.85151,             0.81099,             0.85243,             0.50141,            0.033408,            0.006492,           0.0078696,            0.004984,            0.004984,            0.004984
                 154,             0.02847,            0.012534,           0.0084149,              0.8553,              0.8081,             0.85423,             0.51156,            0.032827,           0.0065297,           0.0082408,            0.004951,            0.004951,            0.004951
                 155,            0.028987,            0.012679,           0.0082931,             0.84915,             0.81698,             0.85196,             0.50463,            0.031938,           0.0064774,            0.006411,            0.004918,            0.004918,            0.004918
                 156,             0.02891,            0.012694,           0.0073465,             0.84927,             0.81153,             0.85077,             0.49962,            0.032808,           0.0065277,           0.0077491,            0.004885,            0.004885,            0.004885
                 157,            0.029946,            0.012653,           0.0088542,             0.84598,               0.804,             0.84212,             0.48893,             0.03326,           0.0066564,           0.0077204,            0.004852,            0.004852,            0.004852
                 158,            0.029044,            0.012632,           0.0078859,             0.85037,             0.80905,             0.84647,              0.5068,             0.03252,           0.0066056,           0.0084413,            0.004819,            0.004819,            0.004819
                 159,            0.028901,            0.012645,           0.0082388,             0.86039,             0.80421,               0.852,             0.51022,            0.032108,           0.0065658,           0.0082475,            0.004786,            0.004786,            0.004786
                 160,            0.029477,            0.012628,           0.0077462,              0.8442,             0.82402,             0.85484,             0.50814,            0.033965,           0.0065195,           0.0083145,            0.004753,            0.004753,            0.004753
                 161,            0.029113,            0.012074,           0.0079459,             0.83889,             0.81148,             0.85025,             0.51164,             0.03253,           0.0064975,           0.0082477,             0.00472,             0.00472,             0.00472
                 162,            0.027967,            0.011868,           0.0077765,             0.82801,             0.81317,             0.84372,             0.51416,            0.032311,           0.0065576,           0.0075165,            0.004687,            0.004687,            0.004687
                 163,            0.029835,             0.01246,           0.0081945,             0.85948,             0.78027,             0.84107,             0.50408,            0.032951,           0.0066044,            0.006826,            0.004654,            0.004654,            0.004654
                 164,             0.02942,            0.012501,             0.00795,             0.85687,             0.79855,             0.84309,             0.51391,            0.032297,           0.0064944,           0.0068668,            0.004621,            0.004621,            0.004621
                 165,            0.027799,            0.012075,           0.0081602,               0.852,              0.8161,             0.85107,             0.51293,            0.032015,           0.0065537,           0.0069963,            0.004588,            0.004588,            0.004588
                 166,            0.029248,             0.01249,           0.0080162,             0.86213,             0.81147,             0.84849,             0.50773,            0.032052,            0.006672,           0.0074067,            0.004555,            0.004555,            0.004555
                 167,            0.029056,            0.012314,           0.0092735,              0.8628,              0.8009,             0.85234,              0.5107,            0.033366,           0.0067049,           0.0076712,            0.004522,            0.004522,            0.004522
                 168,            0.029077,             0.01178,           0.0087733,             0.84057,             0.81148,               0.852,             0.51665,             0.03286,           0.0066082,           0.0079241,            0.004489,            0.004489,            0.004489
                 169,            0.029064,            0.012264,           0.0082745,              0.8519,             0.81396,             0.85623,             0.50933,            0.033703,           0.0065831,           0.0075893,            0.004456,            0.004456,            0.004456
                 170,            0.027752,            0.012223,           0.0087308,             0.86555,             0.82672,             0.86014,             0.51627,            0.032924,           0.0065097,           0.0072357,            0.004423,            0.004423,            0.004423
                 171,            0.028431,            0.012258,           0.0065088,             0.85454,             0.83274,             0.86229,             0.51711,            0.032226,            0.006544,           0.0071441,             0.00439,             0.00439,             0.00439
                 172,            0.028538,             0.01167,           0.0067876,             0.86817,             0.82359,             0.85305,             0.51503,            0.032679,           0.0065343,           0.0080131,            0.004357,            0.004357,            0.004357
                 173,            0.028834,             0.01276,           0.0083127,             0.86843,             0.82426,             0.86078,             0.51407,            0.032733,           0.0065062,           0.0071506,            0.004324,            0.004324,            0.004324
                 174,            0.028751,            0.012346,           0.0075386,              0.8666,             0.83701,             0.86278,             0.52754,            0.031947,           0.0064971,           0.0063279,            0.004291,            0.004291,            0.004291
                 175,            0.028822,            0.012393,           0.0076273,             0.85064,             0.84012,             0.86318,             0.53133,            0.031775,           0.0064903,           0.0062185,            0.004258,            0.004258,            0.004258
                 176,            0.027029,            0.011788,           0.0072744,             0.86223,             0.81353,              0.8575,             0.52696,            0.031281,           0.0065654,           0.0064202,            0.004225,            0.004225,            0.004225
                 177,            0.028192,            0.011959,           0.0070526,             0.86236,             0.81494,             0.86253,             0.52751,            0.031661,           0.0064996,           0.0059921,            0.004192,            0.004192,            0.004192
                 178,            0.026991,            0.011694,            0.007474,             0.85852,             0.82058,             0.86449,              0.5273,            0.031817,            0.006479,           0.0068754,            0.004159,            0.004159,            0.004159
                 179,            0.027567,            0.011869,           0.0070015,             0.86805,             0.80387,             0.86027,             0.53293,            0.032519,            0.006445,           0.0080024,            0.004126,            0.004126,            0.004126
                 180,            0.027609,            0.011729,             0.00613,              0.8731,             0.81142,             0.85749,             0.52509,             0.03301,           0.0065259,           0.0080334,            0.004093,            0.004093,            0.004093
                 181,            0.028218,            0.011912,           0.0069609,              0.8492,             0.81412,             0.85748,             0.52794,            0.032497,            0.006473,           0.0069864,             0.00406,             0.00406,             0.00406
                 182,            0.028288,            0.012351,           0.0080067,             0.86869,             0.81333,             0.86581,             0.52841,             0.03254,           0.0064682,           0.0069751,            0.004027,            0.004027,            0.004027
                 183,            0.028154,            0.012096,           0.0075315,             0.85838,             0.82723,              0.8641,             0.52974,            0.032389,           0.0065486,           0.0082535,            0.003994,            0.003994,            0.003994
                 184,            0.028427,            0.012003,           0.0075716,             0.86129,             0.80406,             0.85565,             0.52556,            0.032516,           0.0065099,           0.0086216,            0.003961,            0.003961,            0.003961
                 185,            0.027713,             0.01176,           0.0069396,             0.86748,             0.81685,             0.85907,             0.53301,            0.032484,           0.0064679,           0.0084454,            0.003928,            0.003928,            0.003928
                 186,            0.028471,            0.012163,            0.008818,             0.85756,             0.82521,             0.85757,             0.53176,             0.03275,           0.0064509,           0.0094068,            0.003895,            0.003895,            0.003895
                 187,            0.028354,            0.012271,            0.007703,             0.85379,             0.82214,             0.85246,              0.5318,            0.032668,           0.0065033,           0.0087416,            0.003862,            0.003862,            0.003862
                 188,            0.027564,            0.011709,           0.0075974,             0.84838,             0.82704,              0.8544,             0.53407,            0.033268,           0.0064669,           0.0085031,            0.003829,            0.003829,            0.003829
                 189,            0.027102,            0.011754,           0.0079603,             0.86895,             0.81935,             0.85611,              0.5388,            0.033374,           0.0065088,           0.0090619,            0.003796,            0.003796,            0.003796
                 190,            0.027694,            0.012135,           0.0066239,             0.85366,              0.8258,             0.85975,             0.53964,              0.0334,           0.0065858,           0.0090635,            0.003763,            0.003763,            0.003763
                 191,            0.028076,            0.011823,           0.0073433,             0.85282,             0.81024,             0.85647,             0.53841,            0.032806,           0.0065809,           0.0088555,             0.00373,             0.00373,             0.00373
                 192,            0.026873,            0.011384,             0.00714,             0.85468,               0.823,             0.86302,             0.53967,            0.032863,           0.0065084,           0.0089112,            0.003697,            0.003697,            0.003697
                 193,            0.027239,            0.011365,           0.0067133,              0.8574,             0.82909,             0.86452,             0.54007,            0.033283,           0.0065216,           0.0088944,            0.003664,            0.003664,            0.003664
                 194,            0.027113,            0.011857,           0.0076176,             0.85832,             0.81668,              0.8624,             0.53116,            0.033433,           0.0065019,           0.0095153,            0.003631,            0.003631,            0.003631
                 195,            0.028516,            0.012076,           0.0076754,             0.87096,             0.80883,             0.85828,             0.53845,            0.033367,           0.0065638,           0.0093587,            0.003598,            0.003598,            0.003598
                 196,            0.027257,            0.011736,           0.0069134,             0.88181,             0.80554,             0.85826,             0.54277,            0.033257,           0.0065844,           0.0089009,            0.003565,            0.003565,            0.003565
                 197,            0.027075,            0.011692,           0.0061827,             0.87422,             0.81689,             0.85707,             0.54085,             0.03338,           0.0065604,           0.0090855,            0.003532,            0.003532,            0.003532
                 198,            0.027271,            0.011496,           0.0068368,             0.86441,             0.83259,             0.85815,             0.53628,             0.03335,           0.0065281,           0.0095916,            0.003499,            0.003499,            0.003499
                 199,            0.028172,            0.012081,           0.0079193,             0.86405,             0.83103,             0.86068,             0.53691,            0.032929,           0.0065103,            0.010065,            0.003466,            0.003466,            0.003466
                 200,            0.027652,            0.011781,           0.0068444,             0.86844,             0.82781,             0.86039,             0.53963,             0.03205,           0.0064542,           0.0099818,            0.003433,            0.003433,            0.003433
                 201,            0.027625,            0.011954,            0.006637,             0.85703,             0.82876,             0.85769,             0.54565,            0.031383,           0.0064406,           0.0098723,              0.0034,              0.0034,              0.0034
                 202,            0.026917,            0.011657,           0.0074605,             0.87938,             0.82878,             0.86535,             0.55399,            0.031399,            0.006443,           0.0096605,            0.003367,            0.003367,            0.003367
                 203,            0.026267,             0.01142,           0.0069171,             0.87141,              0.8298,             0.86499,             0.55128,            0.031539,           0.0064403,           0.0092199,            0.003334,            0.003334,            0.003334
                 204,            0.027991,            0.011778,            0.007025,             0.86537,             0.83158,             0.86283,              0.5466,            0.031534,           0.0064666,           0.0094433,            0.003301,            0.003301,            0.003301
                 205,            0.026076,            0.011406,           0.0063879,             0.86267,             0.83656,             0.86486,             0.55401,            0.031074,           0.0064986,           0.0092563,            0.003268,            0.003268,            0.003268
                 206,            0.026858,            0.011458,           0.0066011,             0.86941,             0.84244,             0.86885,             0.54781,            0.031366,           0.0065219,           0.0091365,            0.003235,            0.003235,            0.003235
                 207,            0.026126,            0.011606,           0.0066869,             0.86499,             0.83358,             0.86751,             0.55087,            0.031341,           0.0065271,           0.0094888,            0.003202,            0.003202,            0.003202
                 208,            0.026309,            0.011708,            0.007175,             0.86177,             0.83435,             0.86826,             0.55142,            0.031408,            0.006498,           0.0087116,            0.003169,            0.003169,            0.003169
                 209,            0.026209,            0.011226,           0.0065946,             0.86918,             0.82696,             0.87117,             0.55073,            0.031412,           0.0064515,           0.0083457,            0.003136,            0.003136,            0.003136
                 210,            0.025372,            0.011585,            0.006437,             0.85944,             0.83086,             0.86781,             0.55711,            0.031492,           0.0064497,           0.0082338,            0.003103,            0.003103,            0.003103
                 211,            0.026951,            0.011122,           0.0064396,             0.86534,              0.8262,             0.86535,             0.55111,            0.031478,           0.0065021,           0.0085115,             0.00307,             0.00307,             0.00307
                 212,            0.026949,            0.011685,            0.006075,             0.85404,             0.81798,             0.85989,             0.55153,            0.031295,            0.006534,           0.0090969,            0.003037,            0.003037,            0.003037
                 213,             0.02584,            0.011457,           0.0060418,              0.8627,             0.82672,             0.86393,             0.54961,            0.031455,           0.0065911,              0.0086,            0.003004,            0.003004,            0.003004
                 214,            0.027018,            0.011212,            0.006979,             0.87185,             0.82471,             0.86077,             0.55043,            0.031267,           0.0065328,           0.0083402,            0.002971,            0.002971,            0.002971
                 215,            0.026431,            0.011762,           0.0065951,             0.86968,             0.82498,               0.867,             0.55334,            0.031044,            0.006497,           0.0078798,            0.002938,            0.002938,            0.002938
                 216,            0.025911,            0.011591,            0.006978,             0.85605,             0.83869,             0.86642,             0.55201,            0.031373,           0.0065038,            0.007986,            0.002905,            0.002905,            0.002905
                 217,             0.02635,             0.01128,           0.0064661,             0.89839,             0.79546,             0.86512,              0.5506,            0.031502,           0.0065646,           0.0081975,            0.002872,            0.002872,            0.002872
                 218,            0.026632,            0.011499,           0.0058809,             0.89128,             0.80261,             0.86494,             0.55055,            0.031934,           0.0065623,            0.007376,            0.002839,            0.002839,            0.002839
                 219,            0.025739,            0.011713,           0.0058817,             0.90004,              0.8014,             0.86686,             0.55419,            0.031478,           0.0065662,            0.006881,            0.002806,            0.002806,            0.002806
                 220,            0.025337,            0.011437,           0.0060386,             0.88994,             0.80504,             0.86147,             0.55638,            0.030603,           0.0065422,           0.0065175,            0.002773,            0.002773,            0.002773
                 221,            0.026255,            0.011575,           0.0054689,             0.88721,             0.81254,             0.86576,             0.55893,            0.030234,           0.0065357,           0.0067805,             0.00274,             0.00274,             0.00274
                 222,            0.025764,            0.011498,           0.0053396,             0.88111,             0.81818,             0.86751,             0.56107,            0.030104,           0.0065373,           0.0074723,            0.002707,            0.002707,            0.002707
                 223,             0.02549,            0.011443,           0.0057738,             0.88045,             0.82776,             0.87108,             0.56071,            0.030654,           0.0065279,           0.0080328,            0.002674,            0.002674,            0.002674
                 224,            0.026213,            0.011211,           0.0051007,             0.86605,             0.82559,             0.86518,             0.56075,            0.031037,           0.0065796,           0.0083746,            0.002641,            0.002641,            0.002641
                 225,            0.026554,             0.01154,           0.0059504,             0.86667,             0.82854,             0.86835,             0.55989,            0.031108,           0.0065853,            0.008356,            0.002608,            0.002608,            0.002608
                 226,             0.02557,            0.011158,           0.0064595,             0.87726,             0.81998,             0.86537,             0.55696,            0.031235,           0.0065799,           0.0086574,            0.002575,            0.002575,            0.002575
                 227,            0.026799,            0.011843,           0.0057524,             0.86996,             0.83115,             0.86444,             0.55654,            0.031371,           0.0065915,           0.0087279,            0.002542,            0.002542,            0.002542
                 228,            0.025405,            0.011107,           0.0060037,             0.85799,             0.83656,             0.86501,              0.5572,            0.031141,           0.0065556,           0.0085873,            0.002509,            0.002509,            0.002509
                 229,             0.02394,             0.01088,           0.0039943,             0.86453,             0.83637,             0.86448,              0.5625,            0.031117,           0.0065578,           0.0086379,            0.002476,            0.002476,            0.002476
                 230,            0.025362,            0.010964,           0.0066123,             0.86823,             0.83937,             0.86523,             0.55848,            0.031267,           0.0065515,           0.0086449,            0.002443,            0.002443,            0.002443
                 231,            0.025722,            0.011547,           0.0065574,             0.87453,             0.83531,             0.86831,             0.55727,            0.031108,           0.0065657,           0.0083247,             0.00241,             0.00241,             0.00241
                 232,               0.026,             0.01123,           0.0052121,             0.87464,             0.83374,             0.86938,             0.55871,            0.031125,           0.0065251,           0.0079918,            0.002377,            0.002377,            0.002377
                 233,            0.025964,            0.011556,           0.0061149,             0.88321,             0.82708,             0.87069,              0.5626,            0.031031,           0.0065059,           0.0081126,            0.002344,            0.002344,            0.002344
                 234,             0.02514,            0.011597,           0.0060315,              0.8753,             0.82842,             0.86956,             0.56563,            0.030879,           0.0064967,           0.0083907,            0.002311,            0.002311,            0.002311
                 235,            0.024121,            0.011415,           0.0054729,             0.87457,             0.83938,             0.87158,             0.57222,            0.030721,           0.0064942,           0.0086908,            0.002278,            0.002278,            0.002278
                 236,            0.024965,             0.01134,           0.0062364,             0.87361,             0.83424,             0.87289,             0.57079,            0.030796,           0.0065125,           0.0088983,            0.002245,            0.002245,            0.002245
                 237,            0.025798,            0.011214,           0.0051589,             0.87375,             0.83105,             0.87068,             0.56873,            0.030764,           0.0065085,           0.0090042,            0.002212,            0.002212,            0.002212
                 238,            0.025083,            0.010933,            0.006035,             0.89183,             0.81563,             0.87072,             0.56955,            0.030564,           0.0065151,           0.0087231,            0.002179,            0.002179,            0.002179
                 239,            0.025346,            0.010887,           0.0055766,             0.88093,             0.81499,             0.86732,             0.56533,            0.030605,           0.0065128,            0.008622,            0.002146,            0.002146,            0.002146
                 240,             0.02421,            0.011351,           0.0052987,             0.87866,             0.81624,             0.86814,             0.56398,            0.030639,           0.0065337,           0.0086887,            0.002113,            0.002113,            0.002113
                 241,            0.024788,            0.010839,           0.0056585,             0.86796,             0.81728,             0.86251,             0.56342,            0.030662,           0.0065499,           0.0088093,             0.00208,             0.00208,             0.00208
                 242,            0.024418,            0.010988,           0.0052076,              0.8637,             0.82339,             0.86272,             0.56122,            0.030346,            0.006544,           0.0090634,            0.002047,            0.002047,            0.002047
                 243,            0.024749,            0.011345,           0.0058087,             0.86854,             0.82222,             0.86171,             0.56181,            0.030268,            0.006527,            0.009052,            0.002014,            0.002014,            0.002014
                 244,            0.024623,            0.011007,           0.0051889,             0.85998,             0.82004,               0.862,             0.56248,            0.030391,           0.0065387,           0.0090694,            0.001981,            0.001981,            0.001981
                 245,            0.024819,             0.01105,           0.0053231,             0.85186,             0.83314,             0.86472,             0.56598,            0.030173,           0.0065351,           0.0089679,            0.001948,            0.001948,            0.001948
                 246,            0.023035,            0.011243,           0.0055641,             0.85338,             0.83106,             0.86344,             0.56765,            0.029877,           0.0065326,           0.0088093,            0.001915,            0.001915,            0.001915
                 247,            0.024239,            0.011028,           0.0056434,             0.86584,             0.81752,             0.86379,              0.5672,            0.030011,           0.0065349,            0.008877,            0.001882,            0.001882,            0.001882
                 248,            0.025036,            0.011451,           0.0059433,             0.86428,             0.82418,             0.86136,             0.56501,            0.030213,           0.0065439,           0.0088619,            0.001849,            0.001849,            0.001849
                 249,            0.024297,            0.011185,           0.0045327,             0.86722,             0.82814,             0.86343,             0.56512,            0.030306,           0.0065351,            0.008883,            0.001816,            0.001816,            0.001816
                 250,            0.024347,            0.011174,           0.0052867,             0.86049,             0.82846,             0.86358,             0.56575,            0.030218,           0.0065147,           0.0087996,            0.001783,            0.001783,            0.001783
                 251,              0.0247,            0.011257,           0.0048181,             0.87254,             0.82148,             0.86597,             0.56823,            0.030166,           0.0065204,           0.0087119,             0.00175,             0.00175,             0.00175
                 252,            0.024591,            0.010896,           0.0057229,              0.8605,             0.82603,             0.86641,             0.57145,            0.030144,           0.0065635,           0.0089949,            0.001717,            0.001717,            0.001717
                 253,            0.024518,            0.011036,           0.0050594,             0.85466,              0.8318,              0.8652,             0.57178,            0.030246,           0.0065978,           0.0091582,            0.001684,            0.001684,            0.001684
                 254,            0.024975,            0.011353,            0.005273,             0.85245,             0.83537,             0.86207,             0.56995,            0.030403,            0.006585,           0.0090737,            0.001651,            0.001651,            0.001651
                 255,            0.024217,            0.011052,           0.0047303,             0.86304,             0.82214,             0.86475,              0.5686,             0.03047,           0.0065866,           0.0087721,            0.001618,            0.001618,            0.001618
                 256,            0.024942,            0.010996,             0.00526,             0.86263,             0.82282,             0.86345,             0.56919,            0.030455,           0.0065938,           0.0086129,            0.001585,            0.001585,            0.001585
                 257,            0.022588,            0.010851,           0.0049039,             0.87056,             0.81595,             0.86371,             0.57204,            0.030599,           0.0065993,           0.0086803,            0.001552,            0.001552,            0.001552
                 258,            0.023396,            0.010713,           0.0055356,             0.86784,             0.82422,             0.86494,             0.57283,            0.030598,            0.006606,           0.0088471,            0.001519,            0.001519,            0.001519
                 259,            0.023477,            0.010785,           0.0056733,             0.86559,             0.82298,              0.8642,             0.57204,            0.030721,           0.0066117,           0.0089653,            0.001486,            0.001486,            0.001486
                 260,             0.02364,            0.010481,           0.0054576,             0.86564,             0.82353,             0.86491,             0.57196,            0.030719,           0.0066161,           0.0090412,            0.001453,            0.001453,            0.001453
                 261,            0.023547,            0.010624,           0.0052043,             0.85999,             0.82684,             0.86544,             0.57425,            0.030663,           0.0066114,           0.0089576,             0.00142,             0.00142,             0.00142
                 262,            0.023357,            0.010889,           0.0052894,             0.86018,             0.82599,             0.86506,             0.57411,            0.030743,           0.0066132,           0.0088661,            0.001387,            0.001387,            0.001387
                 263,            0.022542,            0.010501,           0.0049506,             0.85963,             0.82172,             0.86429,             0.57473,            0.030779,           0.0065881,           0.0087072,            0.001354,            0.001354,            0.001354
                 264,            0.023221,            0.011068,           0.0041923,             0.84772,             0.83871,             0.86567,             0.57365,            0.030709,            0.006574,           0.0086712,            0.001321,            0.001321,            0.001321
                 265,            0.023353,            0.010818,           0.0047952,             0.85095,             0.84038,             0.86581,              0.5764,            0.030701,           0.0065879,           0.0085848,            0.001288,            0.001288,            0.001288
                 266,            0.022635,            0.010389,           0.0045559,             0.84821,             0.84355,             0.86459,             0.57703,            0.030712,           0.0066059,           0.0085253,            0.001255,            0.001255,            0.001255
                 267,            0.023111,            0.010885,           0.0040858,             0.85241,              0.8393,             0.86484,             0.57841,            0.030704,           0.0066186,            0.008584,            0.001222,            0.001222,            0.001222
                 268,            0.021776,            0.010491,           0.0044871,             0.85127,             0.83697,             0.86429,             0.57923,            0.030676,           0.0066354,           0.0086452,            0.001189,            0.001189,            0.001189
                 269,            0.023692,            0.010656,           0.0046469,               0.854,             0.83678,             0.86555,             0.58082,            0.030612,           0.0066475,           0.0086963,            0.001156,            0.001156,            0.001156
                 270,            0.022977,            0.010494,           0.0045679,             0.85695,             0.82746,             0.86482,             0.58082,            0.030545,           0.0066545,           0.0087417,            0.001123,            0.001123,            0.001123
                 271,            0.023222,            0.010614,           0.0051986,             0.85955,             0.82907,             0.86544,             0.58149,            0.030504,           0.0066478,           0.0087659,             0.00109,             0.00109,             0.00109
                 272,            0.023348,            0.010519,           0.0051393,             0.86495,             0.83327,             0.86895,              0.5836,            0.030458,           0.0066323,           0.0088073,            0.001057,            0.001057,            0.001057
                 273,            0.022921,             0.01028,           0.0046507,             0.86448,             0.83507,             0.86765,             0.58345,             0.03045,           0.0066517,           0.0089548,            0.001024,            0.001024,            0.001024
                 274,            0.022334,            0.010436,           0.0047574,             0.86057,             0.84104,             0.86911,             0.58292,             0.03039,           0.0066513,           0.0090276,            0.000991,            0.000991,            0.000991
                 275,            0.023086,            0.010674,           0.0046397,             0.86325,             0.84434,             0.86958,             0.58326,            0.030305,           0.0066487,           0.0091056,            0.000958,            0.000958,            0.000958
                 276,            0.022664,            0.010588,           0.0043501,             0.86383,             0.84141,             0.87037,             0.58432,            0.030208,           0.0066594,           0.0092219,            0.000925,            0.000925,            0.000925
                 277,            0.021933,             0.01023,           0.0039486,             0.86423,             0.83758,             0.86883,             0.58291,            0.030223,           0.0066631,            0.009314,            0.000892,            0.000892,            0.000892
                 278,             0.02281,             0.01066,            0.005577,             0.86701,             0.83817,             0.86861,             0.58256,             0.03023,            0.006661,           0.0093729,            0.000859,            0.000859,            0.000859
                 279,             0.02226,            0.010394,           0.0040865,             0.87022,             0.83691,             0.86901,             0.58055,             0.03022,           0.0066651,           0.0094321,            0.000826,            0.000826,            0.000826
                 280,             0.02229,            0.010559,             0.00504,             0.86828,             0.83417,             0.86732,             0.57994,             0.03032,           0.0066671,           0.0094667,            0.000793,            0.000793,            0.000793
                 281,            0.021844,            0.010389,           0.0038808,             0.86477,             0.83056,             0.86482,             0.58001,            0.030394,           0.0066659,           0.0094977,             0.00076,             0.00076,             0.00076
                 282,            0.022339,            0.010637,           0.0053989,             0.86341,             0.83367,             0.86458,              0.5793,            0.030429,           0.0066682,           0.0095481,            0.000727,            0.000727,            0.000727
                 283,            0.022326,            0.010458,           0.0046697,             0.86706,             0.82643,             0.86486,             0.57977,            0.030434,           0.0066772,           0.0096009,            0.000694,            0.000694,            0.000694
                 284,            0.021958,           0.0099429,           0.0043582,             0.86703,             0.82687,             0.86422,             0.58221,            0.030455,           0.0066885,           0.0096475,            0.000661,            0.000661,            0.000661
                 285,            0.022884,             0.01049,           0.0039764,             0.87051,             0.82354,               0.863,             0.58293,            0.030501,           0.0066988,           0.0097143,            0.000628,            0.000628,            0.000628
                 286,            0.022181,            0.010536,           0.0043947,             0.86903,             0.82344,             0.86282,             0.58146,            0.030525,           0.0067066,           0.0098046,            0.000595,            0.000595,            0.000595
                 287,            0.022451,            0.010506,           0.0046841,             0.86992,             0.82611,             0.86217,              0.5821,            0.030507,           0.0067157,            0.009868,            0.000562,            0.000562,            0.000562
                 288,            0.021521,            0.010353,           0.0051468,             0.87033,             0.82525,             0.86146,             0.58194,            0.030499,           0.0067247,           0.0099244,            0.000529,            0.000529,            0.000529
                 289,            0.022476,            0.010341,           0.0041559,             0.86978,             0.82333,             0.86101,             0.58248,            0.030454,           0.0067227,           0.0099744,            0.000496,            0.000496,            0.000496
                 290,             0.02194,            0.010153,           0.0053018,             0.87117,             0.82252,             0.86131,              0.5833,            0.030411,           0.0067274,            0.010014,            0.000463,            0.000463,            0.000463
                 291,            0.022173,            0.010423,           0.0045236,             0.87181,             0.82147,             0.86203,             0.58451,            0.030372,           0.0067365,            0.010047,             0.00043,             0.00043,             0.00043
                 292,            0.021541,            0.010241,           0.0043236,             0.86987,             0.82268,             0.86117,             0.58437,            0.030363,           0.0067454,            0.010069,            0.000397,            0.000397,            0.000397
                 293,            0.022019,            0.010504,           0.0041333,             0.87097,             0.82318,             0.86211,             0.58363,            0.030397,           0.0067494,            0.010052,            0.000364,            0.000364,            0.000364
                 294,            0.021826,            0.010188,           0.0038772,             0.87506,             0.82405,             0.86221,             0.58462,            0.030372,           0.0067509,            0.010036,            0.000331,            0.000331,            0.000331
                 295,             0.02202,            0.010559,           0.0052627,             0.87495,             0.82441,             0.86246,             0.58485,            0.030356,           0.0067481,           0.0099982,            0.000298,            0.000298,            0.000298
                 296,             0.02134,            0.010114,            0.003784,             0.87463,             0.82534,              0.8623,             0.58636,            0.030314,           0.0067457,           0.0099735,            0.000265,            0.000265,            0.000265
                 297,            0.021702,            0.010287,            0.003833,             0.87436,             0.82471,             0.86221,             0.58661,            0.030282,            0.006743,           0.0099671,            0.000232,            0.000232,            0.000232
                 298,            0.022786,            0.010745,           0.0052515,             0.87441,             0.82429,             0.86208,             0.58774,            0.030254,           0.0067439,           0.0099946,            0.000199,            0.000199,            0.000199
                 299,            0.021068,            0.010536,           0.0050821,             0.87366,             0.82495,             0.86219,             0.58739,            0.030226,           0.0067419,            0.010033,            0.000166,            0.000166,            0.000166
